[2018-05-30 09:15:57] "Practica1";Group1;6666;"FPV man";1527660957234;09:15:57;1;00:09:668;
[2018-05-30 09:15:59] "Practica1";Group1;444;"Pilot33";1527660959132;09:15:59;1;00:11:566;
[2018-05-30 09:16:00] "Practica1";Group1;6666;"FPV man";1527660960746;09:16:00;2;00:03:512;
[2018-05-30 09:16:02] "Practica1";Group1;444;"Pilot33";1527660962285;09:16:02;2;00:03:153;
[2018-05-30 09:16:03] "Practica1";Group1;6666;"FPV man";1527660963757;09:16:03;3;00:03:011;
[2018-05-30 09:16:05] "Practica1";Group1;444;"Pilot33";1527660965647;09:16:05;3;00:03:362;
[2018-05-30 09:16:37] "Practica1";Group1;6666;"FPV man";1527660997756;09:16:37;1;25461016:31:930;
[2018-05-30 09:16:39] "Practica1";Group1;444;"Pilot33";1527660999832;09:16:39;1;25461016:34:848;
[2018-05-30 09:16:43] "Practica1";Group1;6666;"FPV man";1527661003343;09:16:43;2;00:05:587;
[2018-05-30 09:16:45] "Practica1";Group1;444;"Pilot33";1527661005173;09:16:45;2;00:05:341;
[2018-05-30 09:19:06] "Practica1";Group1;6666;"FPV man";1527661146577;09:19:06;1;00:13:539;
[2018-05-30 09:19:07] "Practica1";Group1;444;"Pilot33";1527661147858;09:19:07;1;00:14:820;
[2018-05-30 09:20:01] "Practica1";Group1;6666;"FPV man";1527661201944;09:20:01;1;00:10:535;
[2018-05-30 09:20:03] "Practica1";Group1;444;"Pilot33";1527661203912;09:20:03;1;00:12:503;
[2018-05-30 09:23:24] "Practica1";Group1;6666;"FPV man";1527661404716;09:23:24;1;00:03:048;
[2018-05-30 09:23:29] "Practica1";Group1;444;"Pilot33";1527661409759;09:23:29;1;00:03:200;
[2018-05-30 09:23:32] "Practica1";Group1;6666;"FPV man";1527661412207;09:23:32;2;00:07:491;
[2018-05-30 09:23:32] "Practica1";Group1;444;"Pilot33";1527661412849;09:23:32;2;00:03:090;
[2018-05-30 09:23:35] "Practica1";Group1;6666;"FPV man";1527661415751;09:23:35;3;00:03:544;
[2018-05-30 09:23:36] "Practica1";Group1;444;"Pilot33";1527661416593;09:23:36;3;00:03:744;
[2018-05-30 09:24:19] "Practica1";Group1;6666;"FPV man";1527661459706;09:24:19;1;00:58:038;
[2018-05-30 09:24:21] "Practica1";Group1;444;"Pilot33";1527661461960;09:24:21;1;00:55:401;
[2018-05-30 09:24:24] "Practica1";Group1;6666;"FPV man";1527661464380;09:24:24;2;00:04:674;
[2018-05-30 09:24:25] "Practica1";Group1;444;"Pilot33";1527661465766;09:24:25;2;00:03:806;
[2018-05-30 09:24:28] "Practica1";Group1;6666;"FPV man";1527661468453;09:24:28;3;00:04:073;
[2018-05-30 09:24:29] "Practica1";Group1;444;"Pilot33";1527661469141;09:24:29;3;00:03:375;
[2018-05-30 09:25:46] "Practica1";Group1;6666;"FPV man";1527661546840;09:25:46;1;00:08:723;
[2018-05-30 09:25:49] "Practica1";Group1;444;"Pilot33";1527661549343;09:25:49;1;00:11:226;
[2018-05-30 09:25:50] "Practica1";Group1;6666;"FPV man";1527661550315;09:25:50;2;00:03:475;
[2018-05-30 09:25:52] "Practica1";Group1;444;"Pilot33";1527661552420;09:25:52;2;00:03:077;
[2018-05-30 09:25:53] "Practica1";Group1;6666;"FPV man";1527661553645;09:25:53;3;00:03:330;
[2018-05-30 09:25:55] "Practica1";Group1;444;"Pilot33";1527661555658;09:25:55;3;00:03:238;
[2018-05-30 09:27:18] "Practica1";Group1;6666;"FPV man";1527661638854;09:27:18;1;00:08:884;
[2018-05-30 09:27:23] "Practica1";Group1;444;"Pilot33";1527661643036;09:27:23;1;00:13:066;
[2018-05-30 09:30:12] "Practica1";Group1;6666;"FPV man";1527661812279;09:30:12;1;00:11:463;
[2018-05-30 09:30:15] "Practica1";Group1;444;"Pilot33";1527661815372;09:30:15;1;00:14:556;
[2018-05-30 09:44:16] "Practica1";Group1;6666;"FPV man";1527662656719;09:44:16;1;00:03:256;
[2018-05-30 09:44:22] "Practica1";Group1;444;"Pilot33";1527662662180;09:44:22;1;00:00:865;
[2018-05-30 09:44:29] "Practica1";Group1;444;"Pilot33";1527662669662;09:44:29;2;00:07:482;
[2018-05-30 09:44:30] "Practica1";Group1;6666;"FPV man";1527662670966;09:44:30;2;00:14:247;
[2018-05-30 09:44:32] "Practica1";Group1;444;"Pilot33";1527662672672;09:44:32;3;00:03:010;
[2018-05-30 09:44:35] "Practica1";Group1;444;"Pilot33";1527662675781;09:44:35;4;00:03:109;
[2018-05-30 09:44:38] "Practica1";Group1;444;"Pilot33";1527662678865;09:44:38;5;00:03:084;
[2018-05-30 09:44:42] "Practica1";Group1;6666;"FPV man";1527662682581;09:44:42;3;00:11:615;
[2018-05-30 09:45:10] "Practica1";Group1;6666;"FPV man";1527662710522;09:45:10;1;00:06:208;
[2018-05-30 09:45:12] "Practica1";Group1;444;"Pilot33";1527662712868;09:45:12;1;00:04:359;
[2018-05-30 09:45:16] "Practica1";Group1;6666;"FPV man";1527662716376;09:45:16;2;00:05:854;
[2018-05-30 09:45:17] "Practica1";Group1;444;"Pilot33";1527662717439;09:45:17;2;00:04:571;
[2018-05-30 09:45:19] "Practica1";Group1;6666;"FPV man";1527662719533;09:45:19;3;00:03:157;
[2018-05-30 09:45:20] "Practica1";Group1;444;"Pilot33";1527662720716;09:45:20;3;00:03:277;
[2018-05-30 09:45:45] "Practica1";Group1;6666;"FPV man";1527662745948;09:45:45;1;00:03:755;
[2018-05-30 09:45:45] "Practica1";Group1;444;"Pilot33";1527662745995;09:45:45;1;00:03:473;
[2018-05-30 09:45:49] "Practica1";Group1;444;"Pilot33";1527662749082;09:45:49;2;00:03:087;
[2018-05-30 09:45:49] "Practica1";Group1;6666;"FPV man";1527662749380;09:45:49;2;00:03:432;
[2018-05-30 09:45:52] "Practica1";Group1;6666;"FPV man";1527662752441;09:45:52;3;00:03:061;
[2018-05-30 09:45:52] "Practica1";Group1;444;"Pilot33";1527662752500;09:45:52;3;00:03:418;
[2018-05-30 09:46:26] "Practica1";Group1;6666;"FPV man";1527662786096;09:46:26;1;00:09:017;
[2018-05-30 09:46:26] "Practica1";Group1;444;"Pilot33";1527662786503;09:46:26;1;00:09:424;
[2018-05-30 09:46:29] "Practica1";Group1;6666;"FPV man";1527662789153;09:46:29;2;00:03:057;
[2018-05-30 09:46:30] "Practica1";Group1;444;"Pilot33";1527662790025;09:46:30;2;00:03:522;
[2018-05-30 09:46:32] "Practica1";Group1;6666;"FPV man";1527662792425;09:46:32;3;00:03:272;
[2018-05-30 09:46:33] "Practica1";Group1;444;"Pilot33";1527662793081;09:46:33;3;00:03:056;
[2018-05-30 09:47:09] "Practica1";Group1;6666;"FPV man";1527662829212;09:47:09;1;00:01:509;
[2018-05-30 09:47:09] "Practica1";Group1;444;"Pilot33";1527662829578;09:47:09;1;00:03:611;
[2018-05-30 09:47:12] "Practica1";Group1;6666;"FPV man";1527662832255;09:47:12;2;00:03:043;
[2018-05-30 09:47:13] "Practica1";Group1;444;"Pilot33";1527662833005;09:47:13;2;00:03:427;
[2018-05-30 09:47:16] "Practica1";Group1;444;"Pilot33";1527662836118;09:47:16;3;00:03:113;
[2018-05-30 09:47:16] "Practica1";Group1;6666;"FPV man";1527662836271;09:47:16;3;00:04:016;
[2018-05-30 09:47:46] "Practica1";Group1;6666;"FPV man";1527662866358;09:47:46;1;00:00:961;
[2018-05-30 09:47:46] "Practica1";Group1;444;"Pilot33";1527662866377;09:47:46;1;00:00:677;
[2018-05-30 09:52:26] "Practica1";Group1;6666;"FPV man";1527663146705;09:52:26;1;00:03:776;
[2018-05-30 09:52:33] "Practica1";Group1;444;"Pilot33";1527663153242;09:52:33;1;00:05:124;
[2018-05-30 09:52:34] "Practica1";Group1;6666;"FPV man";1527663154641;09:52:34;2;00:07:936;
[2018-05-30 09:52:36] "Practica1";Group1;444;"Pilot33";1527663156413;09:52:36;2;00:03:171;
[2018-05-30 09:52:38] "Practica1";Group1;6666;"FPV man";1527663158314;09:52:38;3;00:03:673;
[2018-05-30 09:52:39] "Practica1";Group1;444;"Pilot33";1527663159428;09:52:39;3;00:03:015;
[2018-05-30 09:54:08] "Practica1";Group2;123;"KKV";1527663248594;09:54:08;1;00:03:480;
[2018-05-30 09:54:08] "Practica1";Group2;1111;"Нифка";1527663248639;09:54:08;1;00:03:525;
[2018-05-30 09:54:11] "Practica1";Group2;123;"KKV";1527663251613;09:54:11;2;00:03:019;
[2018-05-30 09:54:11] "Practica1";Group2;1111;"Нифка";1527663251724;09:54:11;2;00:03:085;
[2018-05-30 09:54:15] "Practica1";Group2;123;"KKV";1527663255019;09:54:15;3;00:03:406;
[2018-05-30 09:54:15] "Practica1";Group2;1111;"Нифка";1527663255186;09:54:15;3;00:03:462;
[2018-05-30 22:35:47] "Practica1";Group1;1359;"Maloii";1527708947780;22:35:47;1;00:52:557;
[2018-05-30 22:36:26] "Practica1";Group1;1359;"Maloii";1527708986927;22:36:26;2;00:39:147;
[2018-05-30 22:37:23] "Practica1";Group1;1359;"Maloii";1527709043817;22:37:23;3;00:56:890;
[2018-05-30 22:38:02] "Practica1";Group1;1359;"Maloii";1527709082598;22:38:02;4;00:38:781;
[2018-05-30 22:41:23] "Practica1";Group1;1364;"KKV";1527709283923;22:41:23;1;01:25:107;
[2018-05-30 22:41:26] "Practica1";Group1;1359;"Maloii";1527709286884;22:41:26;1;01:03:265;
[2018-05-30 23:35:22] "Practica1";Group1;1364;"KKV";1527712522863;23:35:22;1;00:24:414;
[2018-05-30 23:36:35] "Practica1";Group1;1364;"KKV";1527712595565;23:36:35;2;01:12:702;
[2018-05-30 23:36:57] "Practica1";Group1;1364;"KKV";1527712617890;23:36:57;3;00:22:325;
[2018-05-30 23:37:07] "Practica1";Group1;1359;"Maloii";1527712627266;23:37:07;1;01:40:506;
[2018-05-30 23:37:19] "Practica1";Group1;1364;"KKV";1527712639169;23:37:19;4;00:21:279;
[2018-05-30 23:37:46] "Practica1";Group1;1359;"Maloii";1527712666736;23:37:46;2;00:39:470;
[2018-05-30 23:37:50] "Practica1";Group1;1364;"KKV";1527712670600;23:37:50;5;00:31:431;
[2018-05-30 23:38:09] "Practica1";Group1;1364;"KKV";1527712689793;23:38:09;6;00:19:193;
[2018-05-30 23:39:09] "Practica1";Group1;1364;"KKV";1527712749594;23:39:09;7;00:59:801;
[2018-05-30 23:39:28] "Practica1";Group1;1364;"KKV";1527712768404;23:39:28;8;00:18:810;
[2018-05-30 23:40:15] "Practica1";Group1;1359;"Maloii";1527712815309;23:40:15;3;02:28:573;
[2018-05-30 23:40:44] "Practica1";Group1;1359;"Maloii";1527712844877;23:40:44;4;00:29:568;
[2018-05-30 23:41:21] "Practica1";Group1;1359;"Maloii";1527712881648;23:41:21;5;00:36:771;
[2018-05-30 23:42:10] "Practica1";Group1;1359;"Maloii";1527712930328;23:42:10;6;00:48:680;
[2018-05-30 23:42:33] "Practica1";Group1;1359;"Maloii";1527712953950;23:42:33;7;00:23:622;
[2018-05-30 23:42:49] "Practica1";Group1;1364;"KKV";1527712969448;23:42:49;9;03:21:044;
[2018-05-30 23:43:30] "Practica1";Group1;1364;"KKV";1527713010982;23:43:30;10;00:41:534;
[2018-05-30 23:44:37] "Practica1";Group1;1359;"Maloii";1527713077236;23:44:37;8;02:03:286;
[2018-05-30 23:44:50] "Practica1";Group1;1320;"Ujjin";1527713090278;23:44:50;1;00:38:528;
[2018-05-30 23:45:14] "Practica1";Group1;1320;"Ujjin";1527713114509;23:45:14;2;00:24:231;
[2018-05-30 23:47:48] "Practica1";Group1;1359;"Maloii";1527713268009;23:47:48;9;03:10:773;
[2018-05-30 23:49:07] "Practica1";Group1;1320;"Ujjin";1527713347367;23:49:07;3;03:52:858;
[2018-05-30 23:49:09] "Practica1";Group1;1359;"Maloii";1527713349960;23:49:09;10;01:21:951;
[2018-05-30 23:50:32] "Practica1";Group1;1359;"Maloii";1527713432866;23:50:32;11;01:22:906;
[2018-05-30 23:50:45] "Practica1";Group1;1320;"Ujjin";1527713445106;23:50:45;4;01:37:739;
[2018-05-30 23:50:58] "Practica1";Group1;1359;"Maloii";1527713458158;23:50:58;12;00:25:292;
[2018-05-30 23:51:16] "Practica1";Group1;1320;"Ujjin";1527713476122;23:51:16;5;00:31:016;
[2018-05-30 23:51:26] "Practica1";Group1;1359;"Maloii";1527713486997;23:51:26;13;00:28:839;
[2018-05-30 23:51:43] "Practica1";Group1;1320;"Ujjin";1527713503842;23:51:43;6;00:27:720;
[2018-05-30 23:51:57] "Practica1";Group1;1359;"Maloii";1527713517574;23:51:57;14;00:30:577;
[2018-05-30 23:52:11] "Practica1";Group1;1320;"Ujjin";1527713531700;23:52:11;7;00:27:858;
[2018-05-30 23:52:29] "Practica1";Group1;1359;"Maloii";1527713549112;23:52:29;15;00:31:538;
[2018-05-30 23:52:36] "Practica1";Group1;1320;"Ujjin";1527713556168;23:52:36;8;00:24:468;
[2018-05-30 23:53:10] "Practica1";Group1;1320;"Ujjin";1527713590973;23:53:10;9;00:34:805;
[2018-05-30 23:53:42] "Practica1";Group1;1320;"Ujjin";1527713622718;23:53:42;10;00:31:745;
[2018-05-30 23:54:11] "Practica1";Group1;1320;"Ujjin";1527713651981;23:54:11;11;00:29:263;
[2018-05-30 23:54:20] "Practica1";Group1;1359;"Maloii";1527713660315;23:54:20;16;01:51:203;
[2018-05-30 23:54:42] "Practica1";Group1;1359;"Maloii";1527713682499;23:54:42;17;00:22:184;
[2018-05-30 23:58:02] "Practica1";Group1;1359;"Maloii";1527713882626;23:58:02;18;03:20:127;
[2018-05-30 23:58:25] "Practica1";Group1;1359;"Maloii";1527713905528;23:58:25;19;00:22:902;
[2018-05-30 23:58:54] "Practica1";Group1;1359;"Maloii";1527713934901;23:58:54;20;00:29:373;
[2018-05-30 23:59:17] "Practica1";Group1;1359;"Maloii";1527713957235;23:59:17;21;00:22:334;
[2018-05-31 00:00:08] "Practica1";Group1;1359;"Maloii";1527714008357;00:00:08;22;00:51:122;
[2018-05-31 00:00:40] "Practica1";Group1;1359;"Maloii";1527714040382;00:00:40;23;00:32:025;
[2018-05-31 00:02:44] "Practica1";Group1;1320;"Ujjin";1527714164488;00:02:44;12;08:32:507;
[2018-05-31 00:02:57] "Practica1";Group1;1359;"Maloii";1527714177687;00:02:57;24;02:17:305;
[2018-05-31 00:03:14] "Practica1";Group1;1320;"Ujjin";1527714194683;00:03:14;13;00:30:195;
[2018-05-31 00:03:19] "Practica1";Group1;1359;"Maloii";1527714199193;00:03:19;25;00:21:506;
[2018-05-31 00:03:41] "Practica1";Group1;1359;"Maloii";1527714221106;00:03:41;26;00:21:913;
[2018-05-31 00:03:44] "Practica1";Group1;1320;"Ujjin";1527714224864;00:03:44;14;00:30:181;
[2018-05-31 00:04:10] "Practica1";Group1;1320;"Ujjin";1527714250412;00:04:10;15;00:25:548;
[2018-05-31 00:04:33] "Practica1";Group1;1320;"Ujjin";1527714273842;00:04:33;16;00:23:430;
[2018-05-31 00:05:02] "Practica1";Group1;1320;"Ujjin";1527714302073;00:05:02;17;00:28:231;
[2018-05-31 00:05:39] "Practica1";Group1;1320;"Ujjin";1527714339197;00:05:39;18;00:37:124;
[2018-05-31 00:05:50] "Practica1";Group1;1359;"Maloii";1527714350078;00:05:50;27;02:08:972;
[2018-05-31 00:06:03] "Practica1";Group1;1320;"Ujjin";1527714363340;00:06:03;19;00:24:143;
[2018-05-31 00:06:22] "Practica1";Group1;1359;"Maloii";1527714382578;00:06:22;28;00:32:500;
[2018-05-31 00:08:12] "Practica1";Group1;1359;"Maloii";1527714492875;00:08:12;1;00:22:114;
[2018-05-31 00:08:33] "Practica1";Group1;1359;"Maloii";1527714513382;00:08:33;2;00:20:507;
[2018-05-31 00:08:51] "Practica1";Group1;1359;"Maloii";1527714531452;00:08:51;3;00:18:070;
[2018-05-31 00:09:10] "Practica1";Group1;1359;"Maloii";1527714550551;00:09:10;4;00:19:099;
[2018-05-31 00:09:28] "Practica1";Group1;1375;"Юджин";1527714568880;00:09:28;1;00:27:306;
[2018-05-31 00:09:33] "Practica1";Group1;1359;"Maloii";1527714573642;00:09:33;5;00:23:091;
[2018-05-31 00:09:52] "Practica1";Group1;1375;"Юджин";1527714592777;00:09:52;2;00:23:897;
[2018-05-31 00:11:19] "Practica1";Group1;1359;"Maloii";1527714679645;00:11:19;6;01:46:003;
[2018-05-31 00:11:51] "Practica1";Group1;1359;"Maloii";1527714711242;00:11:51;7;00:31:597;
[2018-05-31 00:12:31] "Practica1";Group1;1359;"Maloii";1527714751070;00:12:31;8;00:39:828;
[2018-05-31 00:14:00] "Practica1";Group1;1359;"Maloii";1527714840930;00:14:00;9;01:29:860;
[2018-05-31 00:14:20] "Practica1";Group1;1375;"Юджин";1527714860279;00:14:20;3;04:27:502;
[2018-05-31 00:14:21] "Practica1";Group1;1359;"Maloii";1527714861855;00:14:21;10;00:20:925;
[2018-05-31 00:14:48] "Practica1";Group1;1375;"Юджин";1527714888116;00:14:48;4;00:27:837;
[2018-05-31 00:14:56] "Practica1";Group1;1359;"Maloii";1527714896936;00:14:56;11;00:35:081;
[2018-05-31 00:15:15] "Practica1";Group1;1375;"Юджин";1527714915279;00:15:15;5;00:27:163;
[2018-05-31 00:15:46] "Practica1";Group1;1375;"Юджин";1527714946799;00:15:46;6;00:31:520;
[2018-05-31 00:17:10] "Practica1";Group1;1375;"Юджин";1527715030703;00:17:10;7;01:23:904;
[2018-05-31 00:17:12] "Practica1";Group1;1359;"Maloii";1527715032448;00:17:12;12;02:15:512;
[2018-05-31 00:17:48] "Practica1";Group1;1375;"Юджин";1527715068128;00:17:48;8;00:37:425;
[2018-05-31 00:18:36] "Practica1";Group1;1375;"Юджин";1527715116527;00:18:36;9;00:48:399;
[2018-05-31 00:19:02] "Practica1";Group1;1375;"Юджин";1527715142336;00:19:02;10;00:25:809;
[2018-05-31 00:19:14] "Practica1";Group1;1359;"Maloii";1527715154012;00:19:14;13;02:01:564;
[2018-05-31 00:19:23] "Practica1";Group1;1375;"Юджин";1527715163772;00:19:23;11;00:21:436;
[2018-05-31 00:19:33] "Practica1";Group1;1359;"Maloii";1527715173097;00:19:33;14;00:19:085;
[2018-05-31 00:19:47] "Practica1";Group1;1375;"Юджин";1527715187201;00:19:47;12;00:23:429;
[2018-05-31 00:21:11] "Practica1";Group1;1359;"Maloii";1527715271601;00:21:11;15;01:38:504;
[2018-05-31 00:21:43] "Practica1";Group1;1359;"Maloii";1527715303904;00:21:43;16;00:32:303;
[2018-05-31 00:24:22] "Practica1";Group1;1375;"Юджин";1527715462200;00:24:22;13;04:34:999;
[2018-06-20 09:55:33] "Practica1";Group1;1364;"KKV";1529477733603;09:55:33;1;00:18:393;
[2018-06-20 09:55:34] "Practica1";Group1;1375;"Юджин";1529477734259;09:55:34;1;00:18:171;
[2018-06-20 09:55:34] "Practica1";Group1;1359;"Maloii";1529477734482;09:55:34;1;00:18:658;
[2018-06-26 14:41:40] "Practica1";Group1;1364;"KKV";1530013300573;14:41:40;1;00:06:794;
[2018-06-26 14:41:43] "Practica1";Group1;1359;"Maloii";1530013303048;14:41:43;1;00:08:419;
[2018-06-26 14:41:43] "Practica1";Group1;1375;"Юджин";1530013303781;14:41:43;1;00:07:048;
[2018-06-26 14:41:44] "Practica1";Group1;1364;"KKV";1530013304729;14:41:44;2;00:04:156;
[2018-06-26 14:41:46] "Practica1";Group1;1359;"Maloii";1530013306660;14:41:46;2;00:03:612;
[2018-06-26 14:41:47] "Practica1";Group1;1375;"Юджин";1530013307388;14:41:47;2;00:03:607;
[2018-06-26 14:41:49] "Practica1";Group1;1364;"KKV";1530013309663;14:41:49;3;00:04:934;
[2018-06-26 14:41:50] "Practica1";Group1;1359;"Maloii";1530013310913;14:41:50;3;00:04:253;
[2018-06-26 14:41:51] "Practica1";Group1;1375;"Юджин";1530013311554;14:41:51;3;00:04:166;
[2018-06-26 14:42:32] "Practica1";Group1;1359;"Maloii";1530013352784;14:42:32;1;00:03:004;
[2018-06-26 14:42:33] "Practica1";Group1;1364;"KKV";1530013353661;14:42:33;1;00:04:362;
[2018-06-26 14:42:34] "Practica1";Group1;1375;"Юджин";1530013354385;14:42:34;1;00:04:455;
[2018-06-26 14:42:36] "Practica1";Group1;1359;"Maloii";1530013356099;14:42:36;2;00:03:315;
[2018-06-26 14:42:37] "Practica1";Group1;1375;"Юджин";1530013357567;14:42:37;2;00:03:182;
[2018-06-26 14:42:37] "Practica1";Group1;1364;"KKV";1530013357990;14:42:37;2;00:04:329;
[2018-06-26 14:42:41] "Practica1";Group1;1364;"KKV";1530013361333;14:42:41;3;00:03:343;
[2018-06-26 14:42:41] "Practica1";Group1;1359;"Maloii";1530013361788;14:42:41;3;00:05:689;
[2018-06-26 14:42:42] "Practica1";Group1;1375;"Юджин";1530013362310;14:42:42;3;00:04:743;
[2018-08-6 18:33:31] "Practica1";Group5;1266;"roma_xolod";1533569611247;18:33:31;1;00:22:197;
[2018-08-6 18:33:44] "Practica1";Group5;1266;"roma_xolod";1533569624660;18:33:44;2;00:13:413;
[2018-08-6 18:40:07] "Practica1";Group5;1266;"roma_xolod";1533570007394;18:40:07;1;00:15:343;
[2018-08-6 18:41:06] "Practica1";Group5;1266;"roma_xolod";1533570066710;18:41:06;1;00:14:236;
[2018-08-6 18:41:19] "Practica1";Group5;1266;"roma_xolod";1533570079629;18:41:19;2;00:12:919;
[2018-08-6 18:41:31] "Practica1";Group5;1266;"roma_xolod";1533570091757;18:41:31;3;00:12:128;
[2018-08-6 18:41:52] "Practica1";Group5;1266;"roma_xolod";1533570112359;18:41:52;4;00:20:602;
[2018-08-6 18:46:50] "Practica1";Group5;1266;"roma_xolod";1533570410458;18:46:50;1;00:44:926;
[2018-08-6 18:47:47] "Practica1";Group5;1266;"roma_xolod";1533570467149;18:47:47;2;00:56:691;
[2018-08-6 18:48:00] "Practica1";Group5;1266;"roma_xolod";1533570480683;18:48:00;3;00:13:534;
[2018-08-6 18:50:40] "Practica1";Group4;1266;"roma_xolod";1533570640354;18:50:40;1;00:41:317;
[2018-08-6 21:31:38] "Practica1";Group3;1322;"KKV";1533580298546;21:31:38;1;01:30:212;
[2018-08-6 21:31:46] "Practica1";Group3;1266;"roma_xolod";1533580306084;21:31:46;1;01:37:750;
[2018-08-6 21:31:57] "Practica1";Group3;1322;"KKV";1533580317313;21:31:57;2;00:18:767;
[2018-08-6 21:32:16] "Practica1";Group3;1266;"roma_xolod";1533580336001;21:32:16;2;00:29:917;
[2018-08-6 21:32:30] "Practica1";Group3;1322;"KKV";1533580350151;21:32:30;3;00:32:838;
[2018-08-6 21:32:32] "Practica1";Group3;1266;"roma_xolod";1533580352893;21:32:32;3;00:16:892;
[2018-08-6 21:36:20] "Practica1";Group3;1322;"KKV";1533580580849;21:36:20;1;00:13:696;
[2018-08-6 21:36:26] "Practica1";Group3;1266;"roma_xolod";1533580586921;21:36:26;1;00:19:768;
[2018-08-6 21:36:34] "Practica1";Group3;1322;"KKV";1533580594422;21:36:34;2;00:13:573;
[2018-08-6 23:30:42] "Practica1";Group1;1396;"ZOOM";1533587442638;23:30:42;1;00:19:114;
[2018-08-6 23:51:08] "Practica1";Group1;1396;"ZOOM";1533588668290;23:51:08;1;00:13:164;
[2018-08-6 23:51:33] "Practica1";Group1;1396;"ZOOM";1533588693303;23:51:33;2;00:25:013;
[2018-08-6 23:51:59] "Practica1";Group1;1396;"ZOOM";1533588719356;23:51:59;3;00:26:053;
[2018-08-7 01:10:19] "Practica1";Group1;0;"BEZIK";1533593419252;01:10:19;1;00:18:337;
[2018-08-7 01:10:24] "Practica1";Group1;1396;"ZOOM";1533593424308;01:10:24;1;00:23:393;
[2018-08-7 01:10:27] "Practica1";Group1;104;"NiFkaa";1533593427662;01:10:27;1;00:26:747;
[2018-08-7 01:10:32] "Practica1";Group1;1368;"Tarantino";1533593432346;01:10:32;1;00:31:431;
[2018-08-7 01:10:37] "Practica1";Group1;1396;"ZOOM";1533593437586;01:10:37;2;00:13:278;
[2018-08-7 01:10:40] "Practica1";Group1;0;"BEZIK";1533593440026;01:10:40;2;00:20:774;
[2018-08-7 01:10:42] "Practica1";Group1;104;"NiFkaa";1533593442172;01:10:42;2;00:14:510;
[2018-08-7 01:10:51] "Practica1";Group1;0;"BEZIK";1533593451794;01:10:51;1;00:50:879;
[2018-08-7 01:10:54] "Practica1";Group1;1396;"ZOOM";1533593454378;01:10:54;3;00:16:792;
[2018-08-7 01:11:04] "Practica1";Group1;104;"NiFkaa";1533593464367;01:11:04;3;00:22:195;
[2018-08-7 01:11:08] "Practica1";Group1;1368;"Tarantino";1533593468165;01:11:08;2;00:35:819;
[2018-08-7 01:11:11] "Practica1";Group1;1396;"ZOOM";1533593471528;01:11:11;4;00:17:150;
[2018-08-7 01:11:15] "Practica1";Group1;0;"BEZIK";1533593475929;01:11:15;1;01:15:014;
[2018-08-7 01:11:24] "Practica1";Group1;104;"NiFkaa";1533593484961;01:11:24;4;00:20:594;
[2018-08-7 01:11:28] "Practica1";Group1;1396;"ZOOM";1533593488703;01:11:28;5;00:17:175;
[2018-08-7 01:11:36] "Practica1";Group1;0;"BEZIK";1533593496963;01:11:36;2;00:21:034;
[2018-08-7 01:11:40] "Practica1";Group1;104;"NiFkaa";1533593500964;01:11:40;5;00:16:003;
[2018-08-7 01:13:08] "Race9";Group1;104;"NiFkaa";1533593588332;01:13:08;1;00:14:162;
[2018-08-7 01:14:53] "Race9";Group1;104;"NiFkaa";1533593693542;01:14:53;1;00:14:468;
[2018-08-7 01:14:55] "Race9";Group1;1368;"Tarantino";1533593695459;01:14:55;1;00:16:385;
[2018-08-7 01:14:57] "Race9";Group1;1396;"ZOOM";1533593697651;01:14:57;1;00:18:577;
[2018-08-7 01:14:59] "Race9";Group1;1266;"roma_xolod";1533593699459;01:14:59;1;00:20:385;
[2018-08-7 01:15:07] "Race9";Group1;104;"NiFkaa";1533593707004;01:15:07;2;00:13:462;
[2018-08-7 01:15:10] "Race9";Group1;1368;"Tarantino";1533593710267;01:15:10;2;00:14:808;
[2018-08-7 01:15:13] "Race9";Group1;1396;"ZOOM";1533593713068;01:15:13;2;00:15:417;
[2018-08-7 01:15:14] "Race9";Group1;1266;"roma_xolod";1533593714802;01:15:14;2;00:15:343;
[2018-08-7 01:15:27] "Race9";Group1;104;"NiFkaa";1533593727935;01:15:27;3;00:20:931;
[2018-08-7 01:21:17] "Practica1";Group1;555;"ТЕстик2";1533594077007;01:21:17;1;00:18:792;
[2018-08-7 01:21:18] "Practica1";Group1;6666;"Привет Мир3";1533594078654;01:21:18;1;00:20:439;
[2018-08-7 01:21:19] "Practica1";Group1;7777;"РРРРerr";1533594079488;01:21:19;1;00:21:273;
[2018-08-7 01:21:35] "Practica1";Group1;555;"ТЕстик2";1533594095646;01:21:35;2;00:18:639;
[2018-08-7 01:21:37] "Practica1";Group1;6666;"Привет Мир3";1533594097599;01:21:37;2;00:18:945;
[2018-08-7 01:21:39] "Practica1";Group1;7777;"РРРРerr";1533594099687;01:21:39;2;00:20:199;
[2018-08-7 01:21:54] "Practica1";Group1;555;"ТЕстик2";1533594114535;01:21:54;3;00:18:889;
[2018-08-7 01:22:03] "Practica1";Group1;6666;"Привет Мир3";1533594123788;01:22:03;3;00:26:189;
[2018-08-7 01:25:15] "Practica1";Group1;555;"ТЕстик2";1533594315275;01:25:15;1;00:19:318;
[2018-08-7 01:25:16] "Practica1";Group1;6666;"Привет Мир3";1533594316331;01:25:16;1;00:20:374;
[2018-08-7 01:25:17] "Practica1";Group1;7777;"РРРРerr";1533594317072;01:25:17;1;00:21:115;
[2018-08-7 01:25:33] "Practica1";Group1;555;"ТЕстик2";1533594333883;01:25:33;2;00:18:608;
[2018-08-7 01:25:34] "Practica1";Group1;6666;"Привет Мир3";1533594334812;01:25:34;2;00:18:481;
[2018-08-7 01:25:35] "Practica1";Group1;7777;"РРРРerr";1533594335659;01:25:35;2;00:18:587;
[2018-08-7 01:25:53] "Practica1";Group1;555;"ТЕстик2";1533594353802;01:25:53;3;00:19:919;
[2018-08-7 01:25:58] "Practica1";Group1;6666;"Привет Мир3";1533594358259;01:25:58;3;00:23:447;
[2018-08-7 01:26:08] "Practica1";Group1;7777;"РРРРerr";1533594368249;01:26:08;3;00:32:590;
[2018-08-30 10:01:27] "Practica1";Group3;1320;"KKV";1535612487434;10:01:27;1;00:11:734;
[2018-08-30 10:01:28] "Practica1";Group3;7;"RUBOT";1535612488079;10:01:28;1;00:12:379;
[2018-08-30 10:01:31] "Practica1";Group3;1292;"GarryBu";1535612491280;10:01:31;1;00:15:580;
[2018-08-30 10:01:34] "Practica1";Group3;1320;"KKV";1535612494777;10:01:34;2;00:07:343;
[2018-08-30 10:01:35] "Practica1";Group3;7;"RUBOT";1535612495269;10:01:35;2;00:07:190;
[2018-08-30 15:19:01] "Practica2";Group1;1;"afx";1535631541547;15:19:01;1;00:13:081;
[2018-08-30 15:19:02] "Practica2";Group1;2;"ArtemVol";1535631542804;15:19:02;1;00:14:338;
[2018-10-11 13:42:10] "Practica1";Group1;555;"ТЕстик2";1539254530755;13:42:10;1;00:06:647;
[2018-10-11 13:42:15] "Practica1";Group1;555;"ТЕстик2";1539254535565;13:42:15;2;00:04:810;
[2018-10-11 13:42:19] "Practica1";Group1;555;"ТЕстик2";1539254539637;13:42:19;3;00:04:072;
[2018-10-11 13:42:23] "Practica1";Group1;555;"ТЕстик2";1539254543044;13:42:23;4;00:03:407;
[2018-10-11 13:42:26] "Practica1";Group1;555;"ТЕстик2";1539254546588;13:42:26;5;00:03:544;
[2018-10-11 13:42:34] "Practica1";Group1;555;"ТЕстик2";1539254554196;13:42:34;6;00:07:608;
[2018-10-11 13:42:41] "Practica1";Group1;555;"ТЕстик2";1539254561443;13:42:41;7;00:07:247;
[2018-10-11 13:42:47] "Practica1";Group1;555;"ТЕстик2";1539254567302;13:42:47;8;00:05:859;
[2018-10-11 13:42:53] "Practica1";Group1;555;"ТЕстик2";1539254573103;13:42:53;9;00:05:801;
[2018-10-11 13:42:57] "Practica1";Group1;555;"ТЕстик2";1539254577311;13:42:57;10;00:04:208;
[2018-10-11 13:43:47] "Practica1";Group1;555;"ТЕстик2";1539254627995;13:43:47;11;00:50:684;
[2018-10-11 13:45:25] "Practica1";Group1;555;"ТЕстик2";1539254725015;13:45:25;1;00:15:737;
[2018-10-11 13:45:35] "Practica1";Group1;555;"ТЕстик2";1539254735659;13:45:35;2;00:10:644;
[2018-10-11 13:45:40] "Practica1";Group1;555;"ТЕстик2";1539254740024;13:45:40;3;00:04:365;
[2018-10-11 13:45:43] "Practica1";Group1;555;"ТЕстик2";1539254743418;13:45:43;4;00:03:394;
[2018-10-11 13:45:46] "Practica1";Group1;555;"ТЕстик2";1539254746433;13:45:46;5;00:03:015;
[2018-10-11 13:45:49] "Practica1";Group1;555;"ТЕстик2";1539254749488;13:45:49;6;00:03:055;
[2018-10-11 13:45:52] "Practica1";Group1;555;"ТЕстик2";1539254752877;13:45:52;7;00:03:389;
[2018-10-11 13:45:57] "Practica1";Group1;555;"ТЕстик2";1539254757431;13:45:57;8;00:04:554;
[2018-10-11 13:50:36] "Practica1";Group1;555;"ТЕстик2";1539255036623;13:50:36;1;00:03:921;
[2018-10-11 13:50:43] "Practica1";Group1;555;"ТЕстик2";1539255043853;13:50:43;2;00:07:230;
[2018-10-11 13:50:49] "Practica1";Group1;555;"ТЕстик2";1539255049604;13:50:49;3;00:05:751;
[2018-10-11 13:50:54] "Practica1";Group1;555;"ТЕстик2";1539255054553;13:50:54;4;00:04:949;
[2018-10-11 13:50:59] "Practica1";Group1;555;"ТЕстик2";1539255059177;13:50:59;5;00:04:624;
[2018-10-11 13:51:07] "Practica1";Group1;555;"ТЕстик2";1539255067900;13:51:07;6;00:08:723;
[2018-10-11 13:51:15] "Practica1";Group1;555;"ТЕстик2";1539255075805;13:51:15;7;00:07:905;
[2018-10-11 13:51:21] "Practica1";Group1;555;"ТЕстик2";1539255081934;13:51:21;8;00:06:129;
[2018-10-11 13:51:37] "Practica1";Group1;555;"ТЕстик2";1539255097665;13:51:37;9;00:15:731;
[2018-10-11 13:52:17] "Practica1";Group1;555;"ТЕстик2";1539255137002;13:52:17;1;00:06:589;
[2018-10-11 13:52:21] "Practica1";Group1;555;"ТЕстик2";1539255141538;13:52:21;2;00:04:536;
[2018-10-11 13:52:25] "Practica1";Group1;555;"ТЕстик2";1539255145202;13:52:25;3;00:03:664;
[2018-10-11 13:53:17] "Race4";Group1;555;"ТЕстик2";1539255197961;13:53:17;1;00:21:686;
[2018-10-11 13:56:13] "Practica1";Group1;555;"ТЕстик2";1539255373762;13:56:13;1;00:09:224;
[2018-10-11 13:56:17] "Practica1";Group1;555;"ТЕстик2";1539255377035;13:56:17;2;00:03:273;
[2018-10-11 13:56:26] "Practica1";Group1;555;"ТЕстик2";1539255386811;13:56:26;3;00:09:776;
[2018-10-11 13:56:31] "Practica1";Group1;555;"ТЕстик2";1539255391572;13:56:31;4;00:04:761;
[2018-10-11 13:56:35] "Practica1";Group1;555;"ТЕстик2";1539255395713;13:56:35;5;00:04:141;
[2018-10-11 13:56:41] "Practica1";Group1;555;"ТЕстик2";1539255401748;13:56:41;6;00:06:035;
[2018-10-11 13:56:51] "Practica1";Group1;555;"ТЕстик2";1539255411563;13:56:51;7;00:09:815;
[2018-10-11 13:57:08] "Practica1";Group1;555;"ТЕстик2";1539255428176;13:57:08;8;00:16:613;
[2018-10-11 13:58:19] "Practica1";Group1;555;"ТЕстик2";1539255499229;13:58:19;1;00:07:475;
[2018-10-11 13:58:38] "Practica1";Group1;555;"ТЕстик2";1539255518224;13:58:38;2;00:18:995;
[2018-10-11 13:59:22] "Practica1";Group1;1320;"ТЕстик2";1539255562359;13:59:22;1;00:04:144;
[2018-10-11 14:01:50] "Practica1";Group1;1320;"ТЕстик2";1539255710488;14:01:50;1;00:08:622;
[2018-10-11 14:02:49] "Practica1";Group1;1320;"ТЕстик2";1539255769459;14:02:49;2;00:58:971;
[2018-10-11 14:03:48] "Practica1";Group1;1320;"ТЕстик2";1539255828056;14:03:48;1;00:09:207;
[2018-10-11 14:03:55] "Practica1";Group1;1320;"ТЕстик2";1539255835193;14:03:55;2;00:07:137;
[2018-10-11 14:04:00] "Practica1";Group1;1320;"ТЕстик2";1539255840717;14:04:00;3;00:05:524;
[2018-10-11 14:04:04] "Practica1";Group1;1320;"ТЕстик2";1539255844940;14:04:04;4;00:04:223;
[2018-10-11 14:04:54] "Practica1";Group1;1320;"ТЕстик2";1539255894883;14:04:54;5;00:49:943;
[2018-10-11 15:53:38] "Race4";Group1;555;"ТЕстик2";1539262416837;15:53:36;1;00:36:277;
[2018-12-5 12:29:34] "Practica1";Group1;1635;"Medvezhonok";1544002174891;12:29:34;1;00:13:856;
[2018-12-5 12:29:38] "Practica1";Group1;1631;"maximos";1544002177999;12:29:37;1;00:16:964;
[2018-12-5 12:29:45] "Practica1";Group1;1635;"Medvezhonok";1544002185206;12:29:45;2;00:10:315;
[2018-12-5 12:29:45] "Practica1";Group1;1630;"roma_xolod";1544002185870;12:29:45;1;00:24:835;
[2018-12-5 12:29:47] "Practica1";Group1;1634;"Ozn_";1544002187962;12:29:47;1;00:26:927;
[2018-12-25 19:54:32] "Practica11";Group1;1691;"Милана";1545756872684;19:54:32;1;00:18:414;
[2018-12-25 19:54:32] "Practica11";Group1;1735;"Ewriker";1545756872857;19:54:32;1;00:18:587;
[2018-12-25 19:54:32] "Practica11";Group1;1923;"Garfield";1545756872954;19:54:32;1;00:18:684;
[2018-12-25 19:55:49] "Practica11";Group1;1691;"Милана";1545756949604;19:55:49;1;00:03:319;
[2018-12-25 19:55:50] "Practica11";Group1;1735;"Ewriker";1545756950481;19:55:50;1;00:04:196;
[2018-12-25 19:55:51] "Practica11";Group1;1923;"Garfield";1545756951050;19:55:51;1;00:04:765;
[2018-12-25 19:55:54] "Practica11";Group1;1691;"Милана";1545756954804;19:55:54;2;00:05:200;
[2018-12-25 19:55:55] "Practica11";Group1;1735;"Ewriker";1545756955422;19:55:55;1;00:09:137;
[2018-12-25 19:56:00] "Practica11";Group1;1313;"ElenaFomina";1545756960287;19:56:00;1;00:14:002;
[2018-12-25 19:56:04] "Practica11";Group1;1691;"Милана";1545756964583;19:56:04;3;00:09:779;
[2018-12-25 19:56:04] "Practica11";Group1;1735;"Ewriker";1545756964976;19:56:04;2;00:09:554;
[2018-12-25 19:56:05] "Practica11";Group1;1923;"Garfield";1545756965225;19:56:05;2;00:14:175;
[2018-12-25 19:56:06] "Practica11";Group1;1313;"ElenaFomina";1545756966629;19:56:06;2;00:06:342;
[2018-12-25 19:56:08] "Practica11";Group1;1691;"Милана";1545756968248;19:56:08;4;00:03:665;
[2018-12-25 19:56:08] "Practica11";Group1;1735;"Ewriker";1545756968464;19:56:08;3;00:03:488;
[2018-12-25 19:56:08] "Practica11";Group1;1923;"Garfield";1545756968556;19:56:08;3;00:03:331;
[2018-12-25 19:56:11] "Practica11";Group1;1735;"Ewriker";1545756971688;19:56:11;4;00:03:224;
[2018-12-25 19:56:12] "Practica11";Group1;1313;"ElenaFomina";1545756972736;19:56:12;3;00:06:107;
[2018-12-25 19:56:15] "Practica11";Group1;1691;"Милана";1545756975661;19:56:15;5;00:07:413;
[2018-12-25 19:56:15] "Practica11";Group1;1735;"Ewriker";1545756975772;19:56:15;5;00:04:084;
[2018-12-25 19:56:15] "Practica11";Group1;1923;"Garfield";1545756975969;19:56:15;4;00:07:413;
[2018-12-25 19:56:18] "Practica11";Group1;1313;"ElenaFomina";1545756978192;19:56:18;4;00:05:456;
[2018-12-25 19:56:19] "Practica11";Group1;1923;"Garfield";1545756979560;19:56:19;5;00:03:591;
[2018-12-25 19:56:19] "Practica11";Group1;1735;"Ewriker";1545756979928;19:56:19;6;00:04:156;
[2018-12-25 19:56:20] "Practica11";Group1;1691;"Милана";1545756980165;19:56:20;6;00:04:504;
[2018-12-25 19:56:23] "Practica11";Group1;1923;"Garfield";1545756983091;19:56:23;6;00:03:531;
[2018-12-25 19:56:23] "Practica11";Group1;1691;"Милана";1545756983853;19:56:23;7;00:03:688;
[2018-12-25 19:56:25] "Practica11";Group1;1735;"Ewriker";1545756985713;19:56:25;7;00:05:785;
[2018-12-25 19:56:26] "Practica11";Group1;1923;"Garfield";1545756986913;19:56:26;7;00:03:822;
[2018-12-25 19:56:27] "Practica11";Group1;1313;"ElenaFomina";1545756987731;19:56:27;5;00:09:539;
[2018-12-25 19:57:11] "Practica11";Group1;1691;"Милана";1545757031199;19:57:11;8;00:47:346;
[2018-12-25 19:57:11] "Practica11";Group1;1735;"Ewriker";1545757031337;19:57:11;8;00:45:624;
[2018-12-25 19:57:11] "Practica11";Group1;1313;"ElenaFomina";1545757031620;19:57:11;6;00:43:889;
[2018-12-25 19:57:14] "Practica11";Group1;1691;"Милана";1545757034795;19:57:14;9;00:03:596;
[2018-12-25 19:57:15] "Practica11";Group1;1735;"Ewriker";1545757035064;19:57:15;9;00:03:727;
[2018-12-25 19:57:15] "Practica11";Group1;1313;"ElenaFomina";1545757035420;19:57:15;7;00:03:800;
[2018-12-25 19:59:46] "Practica11";Group1;1691;"Милана";1545757186883;19:59:46;1;00:23:408;
[2018-12-25 19:59:47] "Practica11";Group1;1735;"Ewriker";1545757187154;19:59:47;1;00:23:679;
[2018-12-25 19:59:47] "Practica11";Group1;1923;"Garfield";1545757187390;19:59:47;1;00:23:915;
[2018-12-25 19:59:50] "Practica11";Group1;1313;"ElenaFomina";1545757190751;19:59:50;1;00:27:276;
[2018-12-25 19:59:53] "Practica11";Group1;1691;"Милана";1545757193205;19:59:53;2;00:06:322;
[2018-12-25 19:59:53] "Practica11";Group1;1735;"Ewriker";1545757193788;19:59:53;2;00:06:634;
[2018-12-25 19:59:54] "Practica11";Group1;1923;"Garfield";1545757194793;19:59:54;2;00:07:403;
[2018-12-25 19:59:55] "Practica11";Group1;1313;"ElenaFomina";1545757195427;19:59:55;2;00:04:676;
[2018-12-25 20:00:00] "Practica11";Group1;1691;"Милана";1545757200139;20:00:00;3;00:06:934;
[2018-12-25 20:00:00] "Practica11";Group1;1735;"Ewriker";1545757200540;20:00:00;3;00:06:752;
[2018-12-25 20:00:08] "Practica11";Group1;1923;"Garfield";1545757208135;20:00:08;3;00:13:342;
[2018-12-25 20:00:09] "Practica11";Group1;1691;"Милана";1545757209827;20:00:09;4;00:09:688;
[2018-12-25 20:00:12] "Practica11";Group1;1735;"Ewriker";1545757212294;20:00:12;4;00:11:754;
[2018-12-25 20:00:12] "Practica11";Group1;1923;"Garfield";1545757212892;20:00:12;4;00:04:757;
[2018-12-25 20:00:13] "Practica11";Group1;1313;"ElenaFomina";1545757213772;20:00:13;3;00:18:345;
[2018-12-25 20:00:22] "Practica11";Group1;1691;"Милана";1545757222226;20:00:22;5;00:12:399;
[2018-12-25 20:00:22] "Practica11";Group1;1735;"Ewriker";1545757222358;20:00:22;5;00:10:064;
[2018-12-25 20:00:22] "Practica11";Group1;1923;"Garfield";1545757222447;20:00:22;5;00:09:555;
[2018-12-25 20:00:23] "Practica11";Group1;1313;"ElenaFomina";1545757223192;20:00:23;4;00:09:420;
[2018-12-25 20:01:02] "Practica11";Group1;1691;"Милана";1545757262892;20:01:02;1;00:05:262;
[2018-12-25 20:01:04] "Practica11";Group1;1735;"Ewriker";1545757264666;20:01:04;1;00:07:036;
[2018-12-25 20:01:06] "Practica11";Group1;1923;"Garfield";1545757266937;20:01:06;1;00:09:307;
[2018-12-25 20:01:10] "Practica11";Group1;1923;"Garfield";1545757270244;20:01:10;2;00:03:307;
[2018-12-25 20:01:12] "Practica11";Group1;1691;"Милана";1545757272341;20:01:12;2;00:09:449;
[2018-12-25 20:01:13] "Practica11";Group1;1735;"Ewriker";1545757273844;20:01:13;2;00:09:178;
[2018-12-25 20:01:15] "Practica11";Group1;1313;"ElenaFomina";1545757275316;20:01:15;1;00:17:686;
[2018-12-25 20:01:35] "Practica11";Group1;1691;"Милана";1545757295235;20:01:35;3;00:22:894;
[2018-12-25 20:01:37] "Practica11";Group1;1735;"Ewriker";1545757297155;20:01:37;3;00:23:311;
[2018-12-25 20:01:39] "Practica11";Group1;1923;"Garfield";1545757299236;20:01:39;3;00:28:992;
[2018-12-25 20:01:41] "Practica11";Group1;1735;"Ewriker";1545757301990;20:01:41;4;00:04:835;
[2018-12-25 20:01:45] "Practica11";Group1;1923;"Garfield";1545757305001;20:01:45;4;00:05:765;
[2018-12-25 20:01:47] "Practica11";Group1;1735;"Ewriker";1545757307340;20:01:47;5;00:05:350;
[2018-12-25 20:01:48] "Practica11";Group1;1691;"Милана";1545757308473;20:01:48;4;00:13:238;
[2018-12-25 20:01:50] "Practica11";Group1;1923;"Garfield";1545757310246;20:01:50;5;00:05:245;
[2018-12-25 20:01:51] "Practica11";Group1;1691;"Милана";1545757311794;20:01:51;5;00:03:321;
[2018-12-25 20:01:52] "Practica11";Group1;1735;"Ewriker";1545757312042;20:01:52;6;00:04:702;
[2018-12-25 20:01:52] "Practica11";Group1;1313;"ElenaFomina";1545757312770;20:01:52;2;00:37:454;
[2018-12-25 20:06:14] "Practica11";Group1;1691;"Милана";1545757574571;20:06:14;1;00:03:164;
[2018-12-25 20:06:16] "Practica11";Group1;1735;"Ewriker";1545757576106;20:06:16;1;00:04:699;
[2018-12-25 20:06:18] "Practica11";Group1;1923;"Garfield";1545757578089;20:06:18;1;00:06:682;
[2018-12-25 20:06:20] "Practica11";Group1;1313;"ElenaFomina";1545757580412;20:06:20;1;00:09:005;
[2018-12-25 20:06:23] "Practica11";Group1;1691;"Милана";1545757583340;20:06:23;2;00:08:769;
[2018-12-25 20:06:25] "Practica11";Group1;1735;"Ewriker";1545757585222;20:06:25;2;00:09:116;
[2018-12-25 20:06:27] "Practica11";Group1;1923;"Garfield";1545757587125;20:06:27;2;00:09:036;
[2018-12-25 20:06:28] "Practica11";Group1;1313;"ElenaFomina";1545757588935;20:06:28;2;00:08:523;
[2018-12-25 20:06:30] "Practica11";Group1;1691;"Милана";1545757590894;20:06:30;3;00:07:554;
[2018-12-25 20:06:34] "Practica11";Group1;1735;"Ewriker";1545757594152;20:06:34;3;00:08:930;
[2018-12-25 20:06:36] "Practica11";Group1;1923;"Garfield";1545757596780;20:06:36;3;00:09:655;
[2018-12-25 20:06:38] "Practica11";Group1;1313;"ElenaFomina";1545757598935;20:06:38;3;00:10:000;
[2018-12-25 20:06:41] "Practica11";Group1;1691;"Милана";1545757601619;20:06:41;4;00:10:725;
[2018-12-25 20:06:43] "Practica11";Group1;1735;"Ewriker";1545757603231;20:06:43;4;00:09:079;
[2018-12-25 20:06:43] "Practica11";Group1;1923;"Garfield";1545757603828;20:06:43;4;00:07:048;
[2018-12-25 20:06:44] "Practica11";Group1;1313;"ElenaFomina";1545757604490;20:06:44;4;00:05:555;
[2018-12-25 20:11:19] "Practica11";Group1;1923;"Garfield";1545757879814;20:11:19;1;00:03:165;
[2018-12-25 20:11:21] "Practica11";Group1;1313;"ElenaFomina";1545757881311;20:11:21;1;00:04:662;
[2018-12-25 20:11:22] "Practica11";Group1;1691;"Милана";1545757882764;20:11:22;1;00:06:115;
[2018-12-25 20:11:23] "Practica11";Group1;1735;"Ewriker";1545757883894;20:11:23;1;00:07:245;
[2018-12-25 20:11:27] "Practica11";Group1;1691;"Милана";1545757887110;20:11:27;2;00:04:346;
[2018-12-25 20:11:28] "Practica11";Group1;1735;"Ewriker";1545757888564;20:11:28;2;00:04:670;
[2018-12-25 20:11:30] "Practica11";Group1;1923;"Garfield";1545757890432;20:11:30;2;00:10:618;
[2018-12-25 20:11:33] "Practica11";Group1;1313;"ElenaFomina";1545757893387;20:11:33;2;00:12:076;
[2018-12-25 20:11:37] "Practica11";Group1;1691;"Милана";1545757897453;20:11:37;3;00:10:343;
[2018-12-25 20:11:39] "Practica11";Group1;1735;"Ewriker";1545757899814;20:11:39;3;00:11:250;
[2018-12-25 20:11:41] "Practica11";Group1;1923;"Garfield";1545757901307;20:11:41;3;00:10:875;
[2018-12-25 20:11:43] "Practica11";Group1;1313;"ElenaFomina";1545757903754;20:11:43;3;00:10:367;
[2018-12-25 20:11:45] "Practica11";Group1;1691;"Милана";1545757905700;20:11:45;4;00:08:247;
[2018-12-25 20:11:50] "Practica11";Group1;1691;"Милана";1545757910224;20:11:50;5;00:04:524;
[2018-12-25 20:11:56] "Practica11";Group1;1691;"Милана";1545757916344;20:11:56;6;00:06:120;
[2018-12-25 20:11:59] "Practica11";Group1;1691;"Милана";1545757919348;20:11:59;7;00:03:004;
[2018-12-25 20:13:17] "Practica11";Group1;1691;"Милана";1545757997779;20:13:17;1;00:12:072;
[2018-12-25 20:13:19] "Practica11";Group1;1735;"Ewriker";1545757999430;20:13:19;1;00:13:723;
[2018-12-25 20:13:20] "Practica11";Group1;1923;"Garfield";1545758000911;20:13:20;1;00:15:204;
[2018-12-25 20:13:23] "Practica11";Group1;1313;"ElenaFomina";1545758003164;20:13:23;1;00:17:457;
[2018-12-25 20:13:26] "Practica11";Group1;1691;"Милана";1545758006059;20:13:26;2;00:08:280;
[2018-12-25 20:13:29] "Practica11";Group1;1691;"Милана";1545758009469;20:13:29;3;00:03:410;
[2018-12-25 20:13:32] "Practica11";Group1;1691;"Милана";1545758012809;20:13:32;4;00:03:340;
[2018-12-25 20:13:36] "Practica11";Group1;1691;"Милана";1545758016183;20:13:36;5;00:03:374;
[2018-12-25 20:13:39] "Practica11";Group1;1691;"Милана";1545758019243;20:13:39;6;00:03:060;
[2018-12-25 20:13:43] "Practica11";Group1;1691;"Милана";1545758023552;20:13:43;7;00:04:309;
[2018-12-25 20:13:46] "Practica11";Group1;1691;"Милана";1545758026619;20:13:46;8;00:03:067;
[2018-12-25 20:16:39] "Practica11";Group1;1691;"Милана";1545758199608;20:16:39;1;00:03:511;
[2018-12-25 20:16:41] "Practica11";Group1;1735;"Ewriker";1545758201174;20:16:41;1;00:05:077;
[2018-12-25 20:16:43] "Practica11";Group1;1691;"Милана";1545758203237;20:16:43;2;00:03:629;
[2018-12-25 20:16:47] "Practica11";Group1;1691;"Милана";1545758207343;20:16:47;3;00:04:106;
[2018-12-25 20:16:50] "Practica11";Group1;1691;"Милана";1545758210818;20:16:50;4;00:03:475;
[2018-12-25 20:16:53] "Practica11";Group1;1691;"Милана";1545758213913;20:16:53;5;00:03:095;
[2018-12-25 20:16:57] "Practica11";Group1;1691;"Милана";1545758217265;20:16:57;6;00:03:352;
[2018-12-25 20:17:00] "Practica11";Group1;1691;"Милана";1545758220469;20:17:00;7;00:03:204;
[2018-12-25 20:17:03] "Practica11";Group1;1691;"Милана";1545758223574;20:17:03;8;00:03:105;
[2018-12-25 20:21:19] "Practica11";Group1;1691;"Милана";1545758479046;20:21:19;1;00:03:830;
[2018-12-25 20:21:22] "Practica11";Group1;1691;"Милана";1545758482356;20:21:22;2;00:03:310;
[2018-12-25 20:21:25] "Practica11";Group1;1691;"Милана";1545758485517;20:21:25;3;00:03:161;
[2018-12-25 20:21:28] "Practica11";Group1;1691;"Милана";1545758488656;20:21:28;4;00:03:139;
[2018-12-25 20:21:31] "Practica11";Group1;1691;"Милана";1545758491919;20:21:31;5;00:03:263;
[2018-12-25 20:21:35] "Practica11";Group1;1691;"Милана";1545758495150;20:21:35;6;00:03:231;
[2018-12-25 20:21:38] "Practica11";Group1;1691;"Милана";1545758498306;20:21:38;7;00:03:156;
[2018-12-25 20:21:43] "Practica11";Group1;1691;"Милана";1545758503551;20:21:43;8;00:05:245;
[2018-12-25 20:24:12] "Practica11";Group1;1691;"Милана";1545758652443;20:24:12;1;00:06:938;
[2018-12-25 20:24:16] "Practica11";Group1;1691;"Милана";1545758656256;20:24:16;2;00:03:813;
[2018-12-25 20:24:19] "Practica11";Group1;1691;"Милана";1545758659444;20:24:19;3;00:03:188;
[2018-12-25 20:24:22] "Practica11";Group1;1691;"Милана";1545758662475;20:24:22;4;00:03:031;
[2018-12-25 20:24:25] "Practica11";Group1;1691;"Милана";1545758665716;20:24:25;5;00:03:241;
[2018-12-25 20:24:28] "Practica11";Group1;1691;"Милана";1545758668830;20:24:28;6;00:03:114;
[2018-12-25 20:24:31] "Practica11";Group1;1691;"Милана";1545758671945;20:24:31;7;00:03:115;
[2018-12-25 20:24:34] "Practica11";Group1;1691;"Милана";1545758674957;20:24:34;8;00:03:012;
[2018-12-25 20:26:03] "Practica11";Group1;1691;"Милана";1545758763525;20:26:03;1;00:08:690;
[2018-12-25 20:26:06] "Practica11";Group1;1691;"Милана";1545758766938;20:26:06;2;00:03:413;
[2018-12-25 20:26:10] "Practica11";Group1;1691;"Милана";1545758770104;20:26:10;3;00:03:166;
[2018-12-25 20:26:13] "Practica11";Group1;1691;"Милана";1545758773326;20:26:13;4;00:03:222;
[2018-12-25 20:26:16] "Practica11";Group1;1691;"Милана";1545758776452;20:26:16;5;00:03:126;
[3919-04-15 16:16:49 580] "Race14";Group1;17;"afx";1555334209580;16:16:49;1;0:15:155;
[3919-04-15 16:16:49 758] "Race14";Group1;58;"Gavrfpv";1555334209757;16:16:49;1;0:15:332;
[3919-04-15 16:16:50 577] "Race14";Group1;66;"KKG";1555334210576;16:16:50;1;0:16:151;
[3919-04-15 16:16:51 240] "Race14";Group1;1364;"KKV";1555334211240;16:16:51;1;0:16:815;
[3919-04-15 16:17:05 439] "Race14";Group1;17;"afx";1555334225439;16:17:05;2;0:15:859;
[3919-04-15 16:17:06 034] "Race14";Group1;66;"KKG";1555334226034;16:17:06;2;0:15:458;
[3919-04-15 16:17:06 400] "Race14";Group1;1364;"KKV";1555334226400;16:17:06;2;0:15:160;
[3919-04-15 16:17:06 938] "Race14";Group1;58;"Gavrfpv";1555334226937;16:17:06;2;0:17:180;
[3919-04-15 16:20:22 964] "Race13";Group1;66;"KKG";1555334422964;16:20:22;1;0:16:356;
[3919-04-15 16:20:24 601] "Race13";Group1;1364;"KKV";1555334424600;16:20:24;1;0:17:992;
[3919-04-15 16:20:25 217] "Race13";Group1;17;"afx";1555334425216;16:20:25;1;0:18:608;
[3919-04-15 16:23:45 224] "Race13";Group1;66;"KKG";1555334625223;16:23:45;1;0:05:151;
[3919-04-15 16:23:45 893] "Race13";Group1;1364;"KKV";1555334625893;16:23:45;1;0:05:821;
[3919-04-15 16:23:46 141] "Race13";Group1;17;"afx";1555334626141;16:23:46;1;0:06:069;
[3919-04-15 16:23:59 965] "Race13";Group1;66;"KKG";1555334639965;16:23:59;2;0:14:742;
[3919-04-15 16:24:00 433] "Race13";Group1;1364;"KKV";1555334640432;16:24:00;2;0:14:539;
[3919-04-15 16:24:00 660] "Race13";Group1;17;"afx";1555334640660;16:24:00;2;0:14:519;
[3919-04-15 16:24:01 714] "Race13";Group1;58;"Gavrfpv";1555334641714;16:24:01;1;0:21:642;
[3919-04-15 16:25:02 574] "Race13";Group1;66;"KKG";1555334702574;16:25:02;1;0:12:635;
[3919-04-15 16:25:03 076] "Race13";Group1;1364;"KKV";1555334703076;16:25:03;1;0:13:137;
[3919-04-15 16:25:03 368] "Race13";Group1;17;"afx";1555334703367;16:25:03;1;0:13:428;
[3919-04-15 16:25:05 629] "Race13";Group1;66;"KKG";1555334705629;16:25:05;2;0:03:055;
[3919-04-15 16:25:06 432] "Race13";Group1;1364;"KKV";1555334706432;16:25:06;2;0:03:356;
[3919-04-15 16:25:06 519] "Race13";Group1;58;"Gavrfpv";1555334706518;16:25:06;1;0:16:579;
[3919-04-15 16:28:58 782] "Race14";Group1;66;"KKG";1555334938782;16:28:58;1;0:03:129;
[3919-04-15 16:28:59 028] "Race14";Group1;1364;"KKV";1555334939028;16:28:59;1;0:03:375;
[3919-04-15 16:29:00 718] "Race14";Group1;17;"afx";1555334940718;16:29:00;1;0:05:065;
[3919-04-15 16:29:02 894] "Race14";Group1;66;"KKG";1555334942894;16:29:02;2;0:04:112;
[3919-04-15 16:29:03 157] "Race14";Group1;1364;"KKV";1555334943157;16:29:03;2;0:04:129;
[3919-04-15 16:30:21 884] "Race15";Group1;66;"KKG";1555335021884;16:30:21;1;0:03:457;
[3919-04-15 16:30:22 694] "Race15";Group1;1364;"KKV";1555335022693;16:30:22;1;0:04:266;
[3919-04-15 16:30:23 525] "Race15";Group1;17;"afx";1555335023524;16:30:23;1;0:05:097;
[3919-04-15 16:30:25 773] "Race15";Group1;1364;"KKV";1555335025773;16:30:25;2;0:03:080;
[3919-04-15 16:30:26 492] "Race15";Group1;58;"Gavrfpv";1555335026491;16:30:26;1;0:08:064;
[3919-04-15 16:30:28 474] "Race15";Group1;66;"KKG";1555335028474;16:30:28;2;0:06:590;
[3919-04-15 16:30:29 048] "Race15";Group1;17;"afx";1555335029048;16:30:29;2;0:05:524;
[3919-04-15 16:31:34 168] "Race16";Group1;66;"KKG";1555335094167;16:31:34;1;0:09:939;
[3919-04-15 16:31:34 962] "Race16";Group1;1364;"KKV";1555335094962;16:31:34;1;0:10:734;
[3919-04-15 16:31:35 290] "Race16";Group1;17;"afx";1555335095290;16:31:35;1;0:11:062;
[3919-04-15 16:31:38 062] "Race16";Group1;1364;"KKV";1555335098062;16:31:38;2;0:03:100;
[3919-04-15 16:31:38 469] "Race16";Group1;66;"KKG";1555335098469;16:31:38;2;0:04:302;
[3919-04-15 16:33:46 586] "Race17";Group1;66;"KKG";1555335226585;16:33:46;1;0:03:507;
[3919-04-15 16:33:46 765] "Race17";Group1;1364;"KKV";1555335226765;16:33:46;1;0:03:687;
[3919-04-15 16:33:47 234] "Race17";Group1;17;"afx";1555335227234;16:33:47;1;0:04:156;
[3919-04-15 16:33:49 726] "Race17";Group1;66;"KKG";1555335229726;16:33:49;2;0:03:141;
[3919-04-15 16:33:50 639] "Race17";Group1;1364;"KKV";1555335230639;16:33:50;2;0:03:874;
[3919-04-15 16:33:50 748] "Race17";Group1;17;"afx";1555335230747;16:33:50;2;0:03:513;
[3919-04-15 16:33:52 981] "Race17";Group1;66;"KKG";1555335232981;16:33:52;3;0:03:255;
[3919-04-15 16:33:53 226] "Race17";Group1;58;"Gavrfpv";1555335233225;16:33:53;1;0:10:147;
[3919-04-15 16:33:53 964] "Race17";Group1;1364;"KKV";1555335233964;16:33:53;3;0:03:325;
[3919-04-15 16:33:54 784] "Race17";Group1;17;"afx";1555335234784;16:33:54;3;0:04:037;
[3919-04-15 16:33:57 450] "Race17";Group1;66;"KKG";1555335237450;16:33:57;4;0:04:469;
[3919-04-15 16:33:57 830] "Race17";Group1;1364;"KKV";1555335237830;16:33:57;4;0:03:866;
[3919-04-15 16:33:58 302] "Race17";Group1;17;"afx";1555335238302;16:33:58;4;0:03:518;
[3919-04-15 16:34:00 601] "Race17";Group1;66;"KKG";1555335240600;16:34:00;5;0:03:150;
[3919-04-15 16:34:00 941] "Race17";Group1;1364;"KKV";1555335240940;16:34:00;5;0:03:110;
[3919-04-15 16:34:01 384] "Race17";Group1;17;"afx";1555335241384;16:34:01;5;0:03:082;
[3919-04-15 16:34:02 675] "Race17";Group1;58;"Gavrfpv";1555335242674;16:34:02;2;0:09:449;
[3919-04-15 16:34:04 941] "Race17";Group1;66;"KKG";1555335244941;16:34:04;6;0:04:341;
[3919-04-15 16:34:05 234] "Race17";Group1;1364;"KKV";1555335245234;16:34:05;6;0:04:294;
[3919-04-15 16:34:05 269] "Race17";Group1;17;"afx";1555335245269;16:34:05;6;0:03:885;
[3919-04-15 16:36:48 272] "Race18";Group1;66;"KKG";1555335408271;16:36:48;1;0:09:785;
[3919-04-15 16:36:48 781] "Race18";Group1;1364;"KKV";1555335408781;16:36:48;1;0:10:295;
[3919-04-15 16:36:49 578] "Race18";Group1;17;"afx";1555335409578;16:36:49;1;0:11:092;
[3919-04-15 16:36:51 440] "Race18";Group1;58;"Gavrfpv";1555335411440;16:36:51;1;0:12:954;
[3919-04-15 16:36:52 411] "Race18";Group1;66;"KKG";1555335412410;16:36:52;2;0:04:139;
[3919-04-15 16:36:52 933] "Race18";Group1;1364;"KKV";1555335412933;16:36:52;2;0:04:152;
[3919-04-15 16:36:53 432] "Race18";Group1;17;"afx";1555335413432;16:36:53;2;0:03:854;
[3919-04-15 16:38:20 484] "Practica14";Group1;17;"afx";1555335500484;16:38:20;1;0:03:307;
[3919-04-15 16:38:21 448] "Practica14";Group1;59;"FSN";1555335501448;16:38:21;1;0:04:271;
[3919-04-15 16:38:21 950] "Practica14";Group1;25;"Tarantino";1555335501950;16:38:21;1;0:04:773;
[3919-04-15 16:38:23 578] "Practica14";Group1;17;"afx";1555335503578;16:38:23;2;0:03:094;
[3919-04-15 16:38:25 948] "Practica14";Group1;59;"FSN";1555335505948;16:38:25;2;0:04:500;
[3919-04-15 16:38:26 343] "Practica14";Group1;25;"Tarantino";1555335506343;16:38:26;2;0:04:393;
[3919-04-15 16:38:27 260] "Practica14";Group1;17;"afx";1555335507260;16:38:27;3;0:03:682;
[3919-04-15 16:44:10 990] "Race13";Group1;1364;"KKV";1555335850989;16:44:10;1;0:03:087;
[3919-04-15 16:44:11 178] "Race13";Group1;17;"afx";1555335851178;16:44:11;1;0:03:276;
[3919-04-15 16:44:11 562] "Race13";Group1;58;"Gavrfpv";1555335851562;16:44:11;1;0:03:660;
[3919-04-15 16:44:12 019] "Race13";Group1;66;"KKG";1555335852019;16:44:12;1;0:04:117;
[3919-04-15 16:44:14 083] "Race13";Group1;1364;"KKV";1555335854083;16:44:14;2;0:03:094;
[3919-04-15 16:44:14 479] "Race13";Group1;17;"afx";1555335854479;16:44:14;2;0:03:301;
[3919-04-15 16:44:15 653] "Race13";Group1;66;"KKG";1555335855652;16:44:15;2;0:03:633;
[3919-04-15 16:44:16 214] "Race13";Group1;58;"Gavrfpv";1555335856214;16:44:16;2;0:04:652;
[3919-04-15 16:44:17 467] "Race13";Group1;1364;"KKV";1555335857467;16:44:17;3;0:03:384;
[3919-04-15 16:44:17 786] "Race13";Group1;17;"afx";1555335857785;16:44:17;3;0:03:306;
[3919-04-15 16:44:20 525] "Race13";Group1;66;"KKG";1555335860525;16:44:20;3;0:04:873;
[3919-04-15 16:44:20 705] "Race13";Group1;1364;"KKV";1555335860704;16:44:20;4;0:03:237;
[3919-04-15 16:44:21 621] "Race13";Group1;17;"afx";1555335861621;16:44:21;4;0:03:836;
[3919-04-15 16:44:23 609] "Race13";Group1;66;"KKG";1555335863609;16:44:23;4;0:03:084;
[3919-04-15 16:44:23 811] "Race13";Group1;1364;"KKV";1555335863811;16:44:23;5;0:03:107;
[3919-04-15 16:44:24 617] "Race13";Group1;58;"Gavrfpv";1555335864617;16:44:24;3;0:08:403;
[3919-04-15 16:44:28 137] "Race13";Group1;66;"KKG";1555335868137;16:44:28;5;0:04:528;
[3919-04-15 16:44:32 510] "Race13";Group1;66;"KKG";1555335872509;16:44:32;6;0:04:372;
[3919-04-15 16:44:35 378] "Race13";Group1;1364;"KKV";1555335875378;16:44:35;6;0:11:567;
[3919-04-15 16:44:36 170] "Race13";Group1;17;"afx";1555335876170;16:44:36;5;0:14:549;
[3919-04-15 16:44:37 208] "Race13";Group1;58;"Gavrfpv";1555335877208;16:44:37;4;0:12:591;
[3919-04-15 16:44:42 022] "Race13";Group1;66;"KKG";1555335882022;16:44:42;7;0:09:513;
[3919-04-15 16:44:43 608] "Race13";Group1;1364;"KKV";1555335883608;16:44:43;7;0:08:230;
[3919-04-15 16:44:44 358] "Race13";Group1;17;"afx";1555335884358;16:44:44;6;0:08:188;
[3919-04-15 16:44:46 812] "Race13";Group1;66;"KKG";1555335886811;16:44:46;8;0:04:789;
[3919-04-15 16:44:47 444] "Race13";Group1;1364;"KKV";1555335887443;16:44:47;8;0:03:835;
[3919-04-15 16:44:48 282] "Race13";Group1;17;"afx";1555335888282;16:44:48;7;0:03:924;
[3919-04-15 16:44:48 866] "Race13";Group1;58;"Gavrfpv";1555335888866;16:44:48;5;0:11:658;
[3919-04-15 16:44:50 451] "Race13";Group1;66;"KKG";1555335890451;16:44:50;9;0:03:640;
[3919-04-15 16:44:50 610] "Race13";Group1;1364;"KKV";1555335890610;16:44:50;9;0:03:167;
[3919-04-15 16:44:51 800] "Race13";Group1;17;"afx";1555335891800;16:44:51;8;0:03:518;
[3919-04-15 16:44:54 016] "Race13";Group1;66;"KKG";1555335894016;16:44:54;10;0:03:565;
[3919-04-15 16:44:54 228] "Race13";Group1;1364;"KKV";1555335894228;16:44:54;10;0:03:618;
[3919-04-15 16:44:55 214] "Race13";Group1;17;"afx";1555335895213;16:44:55;9;0:03:413;
[3919-04-15 16:44:57 161] "Race13";Group1;66;"KKG";1555335897160;16:44:57;11;0:03:144;
[3919-04-15 16:44:57 348] "Race13";Group1;1364;"KKV";1555335897347;16:44:57;11;0:03:119;
[3919-04-15 16:44:58 764] "Race13";Group1;17;"afx";1555335898764;16:44:58;10;0:03:551;
[3919-04-15 16:45:00 161] "Race13";Group1;66;"KKG";1555335900161;16:45:00;12;0:03:001;
[3919-04-15 16:45:00 478] "Race13";Group1;1364;"KKV";1555335900477;16:45:00;12;0:03:130;
[3919-04-15 16:45:01 843] "Race13";Group1;17;"afx";1555335901843;16:45:01;11;0:03:079;
[3919-04-15 16:56:16 892] "Race13";Group1;66;"KKG";1555336576891;16:56:16;1;0:03:282;
[3919-04-15 16:56:18 187] "Race13";Group1;1364;"KKV";1555336578186;16:56:18;1;0:04:577;
[3919-04-15 16:56:19 114] "Race13";Group1;17;"afx";1555336579113;16:56:19;1;0:05:504;
[3919-04-15 16:56:20 411] "Race13";Group1;58;"Gavrfpv";1555336580411;16:56:20;1;0:06:802;
[3919-04-15 16:56:21 192] "Race13";Group1;66;"KKG";1555336581192;16:56:21;2;0:04:301;
[3919-04-15 16:56:22 662] "Race13";Group1;1364;"KKV";1555336582662;16:56:22;2;0:04:476;
[3919-04-15 16:56:22 912] "Race13";Group1;17;"afx";1555336582912;16:56:22;2;0:03:799;
[3919-04-15 16:56:24 682] "Race13";Group1;66;"KKG";1555336584681;16:56:24;3;0:03:489;
[3919-04-15 16:56:25 791] "Race13";Group1;58;"Gavrfpv";1555336585791;16:56:25;2;0:05:380;
[3919-04-15 16:56:27 492] "Race13";Group1;1364;"KKV";1555336587492;16:56:27;3;0:04:830;
[3919-04-15 16:56:27 835] "Race13";Group1;17;"afx";1555336587835;16:56:27;3;0:04:923;
[3919-04-15 16:56:29 719] "Race13";Group1;66;"KKG";1555336589719;16:56:29;4;0:05:038;
[3919-04-15 16:56:31 203] "Race13";Group1;1364;"KKV";1555336591203;16:56:31;4;0:03:711;
[3919-04-15 16:56:31 810] "Race13";Group1;17;"afx";1555336591809;16:56:31;4;0:03:974;
[3919-04-15 16:56:32 213] "Race13";Group1;58;"Gavrfpv";1555336592213;16:56:32;3;0:06:422;
[3919-04-15 16:56:33 680] "Race13";Group1;66;"KKG";1555336593680;16:56:33;5;0:03:961;
[3919-04-15 16:56:34 357] "Race13";Group1;1364;"KKV";1555336594357;16:56:34;5;0:03:154;
[3919-04-27 11:07:00 827] "Practica16";Group1;0;"AH|NiFkaa";1556352420827;11:07:00;1;0:06:873;
[3919-04-27 11:07:01 889] "Practica16";Group1;0;"FSN";1556352421889;11:07:01;1;0:07:935;
[3919-04-27 11:07:02 441] "Practica16";Group1;0;"Medvezhonok";1556352422440;11:07:02;1;0:08:486;
[3919-04-27 11:07:02 879] "Practica16";Group1;0;"Cootook";1556352422879;11:07:02;1;0:08:925;
[3919-04-27 11:07:04 543] "Practica16";Group1;0;"AH|NiFkaa";1556352424543;11:07:04;2;0:03:716;
[3919-04-27 11:07:05 733] "Practica16";Group1;0;"FSN";1556352425733;11:07:05;2;0:03:844;
[3919-04-27 11:07:07 011] "Practica16";Group1;0;"Medvezhonok";1556352427011;11:07:07;2;0:04:571;
[3919-04-27 11:07:09 567] "Practica16";Group1;0;"AH|NiFkaa";1556352429567;11:07:09;3;0:05:024;
[3919-04-27 11:07:10 100] "Practica16";Group1;0;"FSN";1556352430100;11:07:10;3;0:04:367;
[3919-04-27 11:07:14 811] "Practica16";Group1;0;"Medvezhonok";1556352434811;11:07:14;3;0:07:800;
[3919-04-27 11:07:15 407] "Practica16";Group1;0;"Cootook";1556352435407;11:07:15;2;0:12:528;
[3919-04-27 11:07:16 335] "Practica16";Group1;0;"FSN";1556352436334;11:07:16;4;0:06:234;
[3919-04-27 11:07:16 715] "Practica16";Group1;0;"AH|NiFkaa";1556352436715;11:07:16;4;0:07:148;
[3919-04-27 11:07:18 852] "Practica16";Group1;0;"Cootook";1556352438851;11:07:18;3;0:03:444;
[3919-04-27 11:07:27 716] "Practica16";Group1;0;"Cootook";1556352447716;11:07:27;4;0:08:865;
[3919-09-10 12:31:00 846] "Practica21";Group1;61;"Rus.T";1568107860846;12:31:00;1;26135131:00:846;
[3919-09-10 12:31:07 220] "Practica21";Group1;61;"Rus.T";1568107867204;12:31:07;1;0:03:305;
[3919-09-10 12:31:11 676] "Practica21";Group1;61;"Rus.T";1568107871676;12:31:11;2;0:04:472;
[3919-09-10 12:31:15 411] "Practica21";Group1;61;"Rus.T";1568107875411;12:31:15;3;0:03:735;
[3919-09-10 12:32:31 062] "Practica21";Group1;61;"Rus.T";1568107951062;12:32:31;1;0:04:795;
[3919-09-10 12:32:35 017] "Practica21";Group1;61;"Rus.T";1568107955016;12:32:35;2;0:03:954;
[3919-09-10 12:37:42 354] "Practica1";Group1;0;"KKV";1568108262354;12:37:42;1;0:04:752;
[3919-09-10 12:37:46 666] "Practica1";Group1;0;"KKV";1568108266666;12:37:46;2;0:04:312;
[3919-09-10 12:37:50 877] "Practica1";Group1;0;"KKV";1568108270877;12:37:50;3;0:04:211;
[3919-10-29 10:58:44 184] "Practica1";Group1;0;"KKV";1572335924162;10:58:44;1;0:16:938;
[3919-10-29 10:58:46 297] "Practica1";Group1;0;"KKV";1572335926296;10:58:46;2;0:02:134;
[3919-10-29 10:58:48 337] "Practica1";Group1;0;"KKV";1572335928337;10:58:48;3;0:02:041;
[3919-10-29 10:58:50 491] "Practica1";Group1;0;"KKV";1572335930491;10:58:50;4;0:02:154;
[3919-10-29 11:03:22 745] "Practica1";Group1;0;"KKV";1572336202726;11:03:22;1;0:19:823;
[3919-10-29 11:03:25 756] "Practica1";Group1;0;"KKV";1572336205755;11:03:25;2;0:03:029;
[3919-10-29 11:05:34 374] "Practica1";Group1;0;"KKV";1572336334358;11:05:34;1;0:03:820;
[3919-10-29 11:05:36 452] "Practica1";Group1;0;"KKV";1572336336451;11:05:36;2;0:02:093;
[3919-10-29 11:05:38 636] "Practica1";Group1;0;"KKV";1572336338636;11:05:38;3;0:02:185;
[3919-10-29 11:05:40 652] "Practica1";Group1;0;"KKV";1572336340652;11:05:40;4;0:02:016;
[3919-10-29 11:05:42 660] "Practica1";Group1;0;"KKV";1572336342659;11:05:42;5;0:02:007;
[3919-10-29 11:05:47 484] "Practica1";Group1;0;"KKV";1572336347483;11:05:47;6;0:04:824;
[3919-10-29 11:05:49 596] "Practica1";Group1;0;"KKV";1572336349596;11:05:49;7;0:02:113;
[3919-10-29 11:05:51 675] "Practica1";Group1;0;"KKV";1572336351675;11:05:51;8;0:02:079;
[3919-10-29 11:05:54 685] "Practica1";Group1;0;"KKV";1572336354685;11:05:54;9;0:03:010;
[3919-10-29 11:05:56 833] "Practica1";Group1;0;"KKV";1572336356833;11:05:56;10;0:02:148;
[3919-10-29 11:05:58 835] "Practica1";Group1;0;"KKV";1572336358835;11:05:58;11;0:02:002;
[3920-01-11 01:06:09 140] "Practica1";Group1;1412;"Dark";1578693969140;01:06:09;1;0:18:097;
[3920-01-11 01:06:27 144] "Practica1";Group1;1412;"Dark";1578693987144;01:06:27;2;0:18:004;
[3920-01-11 01:06:45 144] "Practica1";Group1;1412;"Dark";1578694005144;01:06:45;3;0:18:000;
[3920-01-11 19:03:12 836] "Practica1";Group1;0;"точик";1578758592836;19:03:12;1;0:21:022;
[3920-01-11 19:04:41 119] "Practica1";Group1;0;"топчик";1578758681081;19:04:41;1;0:23:136;
[3920-01-11 19:04:47 745] "Practica1";Group1;0;"топчик";1578758687745;19:04:47;2;0:06:664;
[3920-01-11 19:05:21 721] "Practica1";Group1;0;"топчик";1578758721721;19:05:21;3;0:33:976;
[3920-01-11 19:05:43 688] "Practica1";Group1;0;"топчик";1578758743688;19:05:43;4;0:21:967;
[3920-01-11 19:05:50 015] "Practica1";Group1;0;"топчик";1578758750015;19:05:50;5;0:06:327;
[3920-01-11 19:05:55 353] "Practica1";Group1;0;"топчик";1578758755353;19:05:55;6;0:05:338;
[3920-01-11 19:06:07 999] "Practica1";Group1;0;"топчик";1578758767998;19:06:07;7;0:12:645;
[3920-01-11 19:06:14 660] "Practica1";Group1;0;"топчик";1578758774660;19:06:14;8;0:06:662;
[3920-01-11 19:06:17 989] "Practica1";Group1;0;"топчик";1578758777988;19:06:17;9;0:03:328;
[3920-01-11 22:52:48 312] "Practica1";Group1;0;"test1";1578772368311;22:52:48;1;0:05:624;
[3920-01-11 22:52:53 636] "Practica1";Group1;0;"test1";1578772373636;22:52:53;2;0:05:325;
[3920-01-11 22:53:18 279] "Practica1";Group1;0;"test1";1578772398278;22:53:18;3;0:24:642;
[3920-01-11 23:06:33 965] "Practica1";Group1;0;"Channel R2";1578773193732;23:06:33;1;0:05:006;
[3920-01-11 23:06:44 725] "Practica1";Group1;0;"Channel R2";1578773204722;23:06:44;2;0:10:990;
[3920-01-11 23:06:50 392] "Practica1";Group1;0;"Channel R2";1578773210389;23:06:50;3;0:05:667;
[3920-01-11 23:08:41 336] "Practica1";Group1;0;"Channel R2";1578773321276;23:08:41;1;0:12:456;
[3920-01-11 23:08:48 608] "Practica1";Group1;0;"Channel R2";1578773328608;23:08:48;2;0:07:332;
[3920-01-11 23:53:53 138] "Practica1";Group1;0;"топчик";1578776033137;23:53:53;1;0:03:438;
[3920-01-11 23:54:01 466] "Practica1";Group1;0;"топчик";1578776041466;23:54:01;2;0:08:329;
[3920-01-11 23:54:05 795] "Practica1";Group1;0;"топчик";1578776045795;23:54:05;3;0:04:329;
[3920-01-12 00:09:50 074] "Practica1";Group1;0;"Channel R4";1578776989800;00:09:49;1;0:08:022;
[3920-01-12 00:10:02 790] "Practica1";Group1;0;"Channel R4";1578777002789;00:10:02;2;0:12:989;
[3920-01-12 22:54:29 740] "Practica1";Group1;0;"Channel R2";1578858869709;22:54:29;1;0:10:797;
[3920-01-12 22:54:35 122] "Practica1";Group1;0;"Channel R2";1578858875122;22:54:35;2;0:05:413;
[3920-01-12 22:54:39 225] "Practica1";Group1;0;"Channel R2";1578858879225;22:54:39;3;0:04:103;
[3920-01-12 22:59:36 256] "Practica1";Group1;0;"Channel R2";1578859176229;22:59:36;1;0:10:375;
[3920-01-12 22:59:41 452] "Practica1";Group1;0;"Channel R2";1578859181452;22:59:41;2;0:05:223;
[3920-01-12 22:59:46 701] "Practica1";Group1;0;"Channel R2";1578859186701;22:59:46;3;0:05:249;
[3920-01-12 22:59:52 575] "Practica1";Group1;0;"Channel R2";1578859192566;22:59:52;4;0:05:865;
[3920-01-12 23:10:26 207] "Practica1";Group1;0;"Channel R2";1578859826154;23:10:26;1;0:04:382;
[3920-01-12 23:10:30 830] "Practica1";Group1;0;"Channel R2";1578859830830;23:10:30;2;0:04:676;
[3920-01-12 23:10:35 598] "Practica1";Group1;0;"Channel R2";1578859835598;23:10:35;3;0:04:768;
[3920-01-12 23:10:38 601] "Practica1";Group1;0;"Channel R2";1578859838600;23:10:38;4;0:03:002;
[3920-01-12 23:16:14 520] "Practica1";Group1;0;"test1";1578860174519;23:16:14;1;0:09:943;
[3920-01-12 23:16:18 497] "Practica1";Group1;0;"test1";1578860178496;23:16:18;2;0:03:977;
[3920-01-12 23:16:21 790] "Practica1";Group1;0;"test1";1578860181790;23:16:21;3;0:03:294;
[3920-01-12 23:16:43 169] "Practica1";Group1;0;"Channel R2";1578860203135;23:16:43;1;0:38:559;
[3920-01-12 23:16:46 463] "Practica1";Group1;0;"Channel R2";1578860206462;23:16:46;2;0:03:327;
[3920-01-12 23:16:49 621] "Practica1";Group1;0;"Channel R2";1578860209621;23:16:49;3;0:03:159;
[3920-01-12 23:21:51 789] "Practica1";Group1;0;"Channel R2";1578860511789;23:21:51;1;0:03:511;
[3920-01-12 23:21:54 794] "Practica1";Group1;0;"Channel R2";1578860514794;23:21:54;2;0:03:005;
[3920-01-12 23:21:58 930] "Practica1";Group1;0;"Channel R2";1578860518929;23:21:58;3;0:04:135;
[3920-01-12 23:31:21 826] "Practica1";Group1;0;"Channel R2";1578861081826;23:31:21;1;0:04:464;
[3920-01-12 23:31:24 929] "Practica1";Group1;0;"Channel R2";1578861084929;23:31:24;2;0:03:103;
[3920-01-12 23:31:28 031] "Practica1";Group1;0;"Channel R2";1578861088031;23:31:28;3;0:03:102;
[3920-01-12 23:31:35 360] "Practica1";Group1;0;"Channel R2";1578861095360;23:31:35;4;0:07:329;
[3920-01-12 23:31:38 394] "Practica1";Group1;0;"Channel R2";1578861098393;23:31:38;5;0:03:033;
[3920-01-12 23:31:41 462] "Practica1";Group1;0;"Channel R2";1578861101462;23:31:41;6;0:03:069;
[3920-01-12 23:45:16 282] "Practica1";Group1;0;"Channel R2";1578861916249;23:45:16;1;0:03:837;
[3920-01-12 23:45:19 348] "Practica1";Group1;0;"Channel R2";1578861919348;23:45:19;2;0:03:099;
[3920-01-12 23:45:22 411] "Practica1";Group1;0;"Channel R2";1578861922410;23:45:22;3;0:03:062;
[3920-01-12 23:45:25 505] "Practica1";Group1;0;"Channel R2";1578861925505;23:45:25;4;0:03:095;
[3920-01-12 23:47:51 221] "Practica1";Group1;0;"Channel R2";1578862071170;23:47:51;1;0:04:597;
[3920-01-12 23:47:54 300] "Practica1";Group1;0;"Channel R2";1578862074300;23:47:54;2;0:03:130;
[3920-01-12 23:47:57 413] "Practica1";Group1;0;"Channel R2";1578862077413;23:47:57;3;0:03:113;
[3920-01-12 23:48:00 459] "Practica1";Group1;0;"Channel R2";1578862080459;23:48:00;4;0:03:046;
[3920-01-12 23:48:03 582] "Practica1";Group1;0;"Channel R2";1578862083582;23:48:03;5;0:03:123;
[3920-01-12 23:48:06 709] "Practica1";Group1;0;"Channel R2";1578862086709;23:48:06;6;0:03:127;
[3920-01-12 23:49:56 738] "Practica1";Group1;0;"Channel R2";1578862196713;23:49:56;1;0:05:572;
[3920-01-12 23:50:03 311] "Practica1";Group1;0;"Channel R2";1578862203311;23:50:03;2;0:06:598;
[3920-01-12 23:50:07 422] "Practica1";Group1;0;"Channel R2";1578862207421;23:50:07;3;0:04:110;
[3920-01-16 21:38:18 705] "Practica1";Group1;0;"Channel R2";1579199898705;21:38:18;1;0:03:661;
[3920-01-16 21:38:22 703] "Practica1";Group1;0;"Channel R2";1579199902703;21:38:22;2;0:03:998;
[3920-01-16 21:38:28 366] "Practica1";Group1;0;"Channel R2";1579199908365;21:38:28;3;0:05:662;
